{"1": 2.947292990206026e-37, "2": 2.947292990206026e-37, "3": 2.947292990206026e-37, "4": 2.947292990206026e-37, "5": 2.947292990206026e-37, "6": 2.947292990206026e-37, "7": 2.947292990206026e-37, "8": 2.947292990206026e-37, "9": 2.947292990206026e-37, "10": 2.947292990206026e-37, "11": 2.947292990206026e-37, "12": 2.947292990206026e-37, "13": 2.947292990206026e-37, "14": 2.947292990206026e-37, "15": 2.947292990206026e-37, "16": 2.947292990206026e-37, "17": 2.947292990206026e-37, "18": 2.947292990206026e-37, "19": 2.947292990206026e-37, "20": 4.216345358249406e-15, "21": 3.7225322650769055e-12, "22": 2.2681099220989154e-09, "23": 6.084861752242432e-07, "24": 7.31039690435864e-05, "25": 0.003753718687221408, "26": 0.03487185761332512, "27": 0.11335359513759613, "28": 0.26401612162590027, "29": 0.40536415576934814, "30": 0.5326341390609741, "31": 0.6258067488670349, "32": 0.6868937611579895, "33": 0.7352866530418396, "34": 0.8084094524383545, "35": 0.884431004524231, "36": 0.955210268497467, "37": 1.0215826034545898, "38": 1.0819340944290161, "39": 1.1402863264083862, "40": 1.200192928314209, "41": 1.2568758726119995, "42": 1.3101763725280762, "43": 1.3604388236999512, "44": 1.4093680381774902, "45": 1.4581224918365479, "46": 1.5047249794006348, "47": 1.5491831302642822, "48": 1.5919694900512695, "49": 1.6340652704238892, "50": 1.6750011444091797, "51": 1.714430809020996, "52": 1.7526190280914307, "53": 1.7898746728897095, "54": 1.8267024755477905, "55": 1.8624517917633057, "56": 1.8970558643341064, "57": 1.9309626817703247, "58": 1.964379072189331, "59": 1.996957778930664, "60": 2.0287485122680664, "61": 2.0600745677948, "62": 2.090888500213623, "63": 2.121279716491699, "64": 2.151048421859741, "65": 2.180299758911133, "66": 2.209294080734253, "67": 2.2378087043762207, "68": 2.265988826751709, "69": 2.2937614917755127, "70": 2.321420669555664, "71": 2.348869800567627, "72": 2.3760454654693604, "73": 2.402902603149414, "74": 2.4297287464141846, "75": 2.4564146995544434, "76": 2.482914924621582, "77": 2.50938081741333, "78": 2.5357770919799805, "79": 2.5621705055236816, "80": 2.588665008544922, "81": 2.61538028717041, "82": 2.6420035362243652, "83": 2.6689531803131104, "84": 2.6960394382476807, "85": 2.7232048511505127, "86": 2.750839948654175, "87": 2.7786669731140137, "88": 2.8069705963134766, "89": 2.835883140563965, "90": 2.8655805587768555, "91": 2.896111011505127, "92": 2.927741050720215, "93": 2.960714101791382, "94": 2.9956445693969727, "95": 3.0325424671173096, "96": 3.0726613998413086, "97": 3.1168980598449707, "98": 3.168454170227051, "99": 3.233855962753296}