{"1": 2.947292990206026e-37, "2": 2.947292990206026e-37, "3": 2.947292990206026e-37, "4": 2.947292990206026e-37, "5": 2.947292990206026e-37, "6": 2.947292990206026e-37, "7": 2.947292990206026e-37, "8": 2.947292990206026e-37, "9": 2.947292990206026e-37, "10": 2.947292990206026e-37, "11": 2.947292990206026e-37, "12": 2.947292990206026e-37, "13": 2.947292990206026e-37, "14": 2.947292990206026e-37, "15": 2.947292990206026e-37, "16": 2.947292990206026e-37, "17": 2.947292990206026e-37, "18": 2.947292990206026e-37, "19": 2.947292990206026e-37, "20": 2.947292990206026e-37, "21": 2.947292990206026e-37, "22": 2.947292990206026e-37, "23": 2.947292990206026e-37, "24": 2.947292990206026e-37, "25": 4.656185173209683e-14, "26": 1.6099059585439335e-11, "27": 4.941910436428998e-09, "28": 5.954901212135155e-07, "29": 4.1580264223739505e-05, "30": 0.0015554522396996617, "31": 0.03318123519420624, "32": 0.12301039695739746, "33": 0.25411027669906616, "34": 0.39538219571113586, "35": 0.531684160232544, "36": 0.6324535608291626, "37": 0.6926922798156738, "38": 0.7654862403869629, "39": 0.8662536144256592, "40": 0.9582383632659912, "41": 1.0375746488571167, "42": 1.1040228605270386, "43": 1.1735278367996216, "44": 1.239598035812378, "45": 1.2988930940628052, "46": 1.3522948026657104, "47": 1.4027752876281738, "48": 1.4538252353668213, "49": 1.5014616250991821, "50": 1.545932412147522, "51": 1.587462306022644, "52": 1.6278789043426514, "53": 1.6679913997650146, "54": 1.7059961557388306, "55": 1.7421966791152954, "56": 1.7769132852554321, "57": 1.8112608194351196, "58": 1.844649314880371, "59": 1.8769294023513794, "60": 1.9083247184753418, "61": 1.93890380859375, "62": 1.9691890478134155, "63": 1.9986827373504639, "64": 2.0271928310394287, "65": 2.0552756786346436, "66": 2.083155632019043, "67": 2.110912322998047, "68": 2.1379952430725098, "69": 2.1645619869232178, "70": 2.1908888816833496, "71": 2.217161178588867, "72": 2.243135929107666, "73": 2.2687926292419434, "74": 2.29431414604187, "75": 2.319988965988159, "76": 2.345322608947754, "77": 2.3707399368286133, "78": 2.396108627319336, "79": 2.421663522720337, "80": 2.4472193717956543, "81": 2.4729485511779785, "82": 2.4989397525787354, "83": 2.5251026153564453, "84": 2.5515804290771484, "85": 2.578578233718872, "86": 2.605985164642334, "87": 2.634187698364258, "88": 2.6630964279174805, "89": 2.6928598880767822, "90": 2.7234365940093994, "91": 2.755277156829834, "92": 2.7889676094055176, "93": 2.8244919776916504, "94": 2.86238431930542, "95": 2.903606414794922, "96": 2.949753999710083, "97": 3.002513885498047, "98": 3.066530704498291, "99": 3.1541624069213867}