{"1": 2.947292990206026e-37, "2": 2.947292990206026e-37, "3": 2.947292990206026e-37, "4": 2.947292990206026e-37, "5": 2.947292990206026e-37, "6": 2.947292990206026e-37, "7": 2.947292990206026e-37, "8": 2.947292990206026e-37, "9": 2.947292990206026e-37, "10": 2.947292990206026e-37, "11": 2.947292990206026e-37, "12": 2.947292990206026e-37, "13": 2.947292990206026e-37, "14": 2.947292990206026e-37, "15": 2.947292990206026e-37, "16": 2.947292990206026e-37, "17": 2.947292990206026e-37, "18": 2.947292990206026e-37, "19": 2.947292990206026e-37, "20": 3.2971225034060525e-14, "21": 2.5531342665030543e-11, "22": 1.3705702350819138e-08, "23": 2.3880370463302825e-06, "24": 0.0002516355598345399, "25": 0.010697992518544197, "26": 0.03487185761332512, "27": 0.11292985081672668, "28": 0.25502198934555054, "29": 0.3953641355037689, "30": 0.5240799784660339, "31": 0.6198657751083374, "32": 0.6835920214653015, "33": 0.7304143309593201, "34": 0.803577721118927, "35": 0.8802925944328308, "36": 0.9519385099411011, "37": 1.019404411315918, "38": 1.080482006072998, "39": 1.1392621994018555, "40": 1.1998910903930664, "41": 1.2569533586502075, "42": 1.3105838298797607, "43": 1.3611900806427002, "44": 1.4104721546173096, "45": 1.4596047401428223, "46": 1.5065158605575562, "47": 1.5511703491210938, "48": 1.594150424003601, "49": 1.6364712715148926, "50": 1.6777750253677368, "51": 1.7174620628356934, "52": 1.7558200359344482, "53": 1.7933151721954346, "54": 1.8301582336425781, "55": 1.8659451007843018, "56": 1.9007411003112793, "57": 1.93480384349823, "58": 1.968318223953247, "59": 2.001042127609253, "60": 2.0330491065979004, "61": 2.0644726753234863, "62": 2.0954644680023193, "63": 2.125847816467285, "64": 2.155766725540161, "65": 2.1852800846099854, "66": 2.2144200801849365, "67": 2.243102788925171, "68": 2.2714436054229736, "69": 2.2994747161865234, "70": 2.3272018432617188, "71": 2.354642629623413, "72": 2.381889820098877, "73": 2.4089431762695312, "74": 2.435821533203125, "75": 2.4625627994537354, "76": 2.4891631603240967, "77": 2.5156636238098145, "78": 2.5421223640441895, "79": 2.568582534790039, "80": 2.5950534343719482, "81": 2.621587038040161, "82": 2.6482317447662354, "83": 2.675014019012451, "84": 2.701997756958008, "85": 2.7292490005493164, "86": 2.7568156719207764, "87": 2.7847416400909424, "88": 2.813140869140625, "89": 2.8421614170074463, "90": 2.871901512145996, "91": 2.902510166168213, "92": 2.9341444969177246, "93": 2.9671168327331543, "94": 3.0017991065979004, "95": 3.0387187004089355, "96": 3.078676223754883, "97": 3.12296199798584, "98": 3.1741182804107666, "99": 3.238837242126465}